Function Name,Energy Prediction (Joule)
main,12.707030671257659
initialize_to_1_array,12.355472063997144
initialize_array,12.355472063997144
print_statement,12.707030671257659
create_array,12.355472063997144
