Function Name,Time on Jetson Prediction (s)
main,5.019662618637085
initialize_to_1_array,5.596277236938477
initialize_array,5.596277236938477
print_statement,5.019662618637085
create_array,5.596277236938477
