Function Name,Time on Nano Prediction (s)
main,2.156797264426486
initialize_to_1_array,11.747763009430846
initialize_array,9.991380696260839
print_statement,1.4518213004237914
create_array,7.2929776933695125
